Number,Months,Leads,LeadsToCustomer,Average Rating,Campaign Type,State
1,10/6/2017,146,40,3.7,Email Campaign,NY
2,8/10/2017,51,3,4.5,Social Media,MI
3,12/9/2017,191,17,3.1,Youtube Survey,CA
4,1/11/2018,104,56,1.2,Webinar,WV
5,4/4/2018,81,29,2.4,Email Campaign,KS
6,10/7/2017,158,142,2.8,Social Media,NY
7,5/14/2018,60,73,2.1,PaperBased,FL
8,4/20/2018,62,46,1.9,Webinar,FL
9,12/16/2017,163,84,2.7,Email Campaign,MN
10,11/22/2017,25,110,1.5,Youtube Survey,KY
11,9/19/2017,183,107,4.9,Social Media,DC
12,2/18/2018,133,139,2.5,Email Campaign,FL
13,4/17/2018,117,33,2.6,Email Campaign,NY
14,12/13/2017,92,70,2.2,PaperBased,CO
15,6/25/2018,193,95,2.6,Webinar,MI
16,3/17/2018,88,108,4.9,PaperBased,DC
17,9/28/2017,105,83,4.7,Youtube Survey,CA
18,3/19/2018,138,7,2.1,Youtube Survey,KS
19,3/31/2018,108,34,4.7,Webinar,KS
20,11/23/2017,86,10,2.5,Social Media,NY
21,4/17/2018,162,96,2.9,Social Media,FL
22,11/12/2017,192,145,1,Webinar,CA
23,2/20/2018,105,64,3.5,PaperBased,CA
24,1/25/2018,95,89,3.7,Youtube Survey,TX
25,1/7/2018,54,73,1.9,Social Media,GA
26,11/15/2017,60,51,1.1,Webinar,IN
27,9/8/2017,111,4,4,Email Campaign,CA
28,11/17/2017,51,132,1.6,Webinar,CA
29,5/31/2018,158,18,3,Youtube Survey,CA
30,3/24/2018,110,95,1.8,Social Media,CO
31,4/10/2018,133,25,4.8,PaperBased,MD
32,2/2/2018,153,63,2.6,PaperBased,TN
33,9/10/2017,147,95,2.7,Youtube Survey,OK
34,9/11/2017,104,73,5,Webinar,LA
35,5/30/2018,165,25,4.9,Youtube Survey,TX
36,5/23/2018,124,15,4.4,PaperBased,NY
37,2/24/2018,68,138,4.7,Youtube Survey,KY
38,10/10/2017,163,48,1.4,Email Campaign,CA
39,12/20/2017,92,147,1.9,PaperBased,NC
40,11/27/2017,60,147,4.3,Social Media,OR
41,1/5/2018,189,29,5,PaperBased,WA
42,5/17/2018,149,119,2.9,PaperBased,FL
43,9/11/2017,46,69,3.8,Youtube Survey,CA
44,6/7/2018,167,134,1,PaperBased,DC
45,8/6/2017,49,83,4.6,Webinar,DC
46,11/8/2017,108,36,1.1,PaperBased,AL
47,5/14/2018,43,12,3.5,Social Media,FL
48,4/19/2018,135,21,4.4,Webinar,TX
49,10/28/2017,163,91,1.8,Youtube Survey,MO
50,10/7/2017,38,136,5,Social Media,FL
51,6/14/2018,131,125,2,Social Media,MN
52,4/29/2018,85,98,1.9,Email Campaign,AK
53,5/23/2018,64,101,3.4,Youtube Survey,FL
54,7/11/2018,41,130,3.6,Youtube Survey,NE
55,4/17/2018,180,18,1.6,Social Media,TX
56,2/7/2018,48,99,4.6,PaperBased,TX
57,4/23/2018,193,76,4.4,Webinar,AZ
58,12/13/2017,35,125,3.7,Youtube Survey,AL
59,12/15/2017,38,6,3.8,PaperBased,KY
60,6/26/2018,179,119,2.4,PaperBased,NM
61,5/23/2018,40,109,2.6,Email Campaign,DC
62,8/27/2017,38,146,4.4,Email Campaign,TX
63,8/20/2017,160,79,3.5,Youtube Survey,TN
64,1/19/2018,40,73,1.2,Webinar,NE
65,10/1/2017,175,127,3.3,Youtube Survey,CA
66,4/27/2018,40,115,1.6,Youtube Survey,DC
67,9/19/2017,52,84,4.5,Youtube Survey,TX
68,10/11/2017,153,55,1.2,Webinar,FL
69,2/3/2018,144,12,4.3,Email Campaign,UT
70,6/24/2018,179,79,2.8,Email Campaign,NY
71,5/8/2018,101,73,1.9,PaperBased,AL
72,3/24/2018,35,61,3.5,Social Media,TX
73,3/9/2018,174,96,3.6,PaperBased,FL
74,2/25/2018,73,37,1.6,Webinar,VA
75,11/21/2017,28,28,1.7,Webinar,OK
76,6/25/2018,32,69,3.6,Social Media,VA
77,6/29/2018,25,24,4.6,Email Campaign,TX
78,8/18/2017,133,97,4.1,Email Campaign,NY
79,3/4/2018,169,103,2.5,PaperBased,CA
80,3/17/2018,95,116,2.2,Email Campaign,CT
81,5/18/2018,88,132,2.8,Email Campaign,NV
82,12/3/2017,66,19,4.7,Webinar,TN
83,5/24/2018,95,148,2.9,Email Campaign,KS
84,4/2/2018,116,89,4.2,PaperBased,TN
85,3/4/2018,79,109,4.9,Youtube Survey,CA
86,8/26/2017,76,48,4.4,Email Campaign,CT
87,2/10/2018,57,97,2.4,Youtube Survey,CO
88,6/9/2018,114,130,2.2,PaperBased,NY
89,7/18/2018,144,102,4.6,Webinar,TX
90,4/5/2018,196,118,4.2,Social Media,CA
91,1/22/2018,164,87,2.6,Webinar,DC
92,6/20/2018,198,76,1.5,Webinar,IL
93,11/27/2017,173,50,2.1,Webinar,AL
94,5/13/2018,168,26,1.5,Youtube Survey,IN
95,10/3/2017,49,67,3.6,PaperBased,PA
96,2/16/2018,62,24,4.4,Webinar,MA
97,7/30/2017,108,68,1.5,Social Media,DC
98,12/10/2017,188,68,1.9,PaperBased,TX
99,5/30/2018,57,86,2.3,Youtube Survey,OH
100,5/7/2018,111,82,3.6,PaperBased,NY
101,9/14/2017,116,17,1.9,PaperBased,SC
102,9/23/2017,39,112,4.8,PaperBased,VA
103,4/5/2018,152,92,1,Youtube Survey,TN
104,6/10/2018,125,6,4.8,PaperBased,CA
105,9/9/2017,120,47,2.9,PaperBased,FL
106,10/21/2017,163,6,4,PaperBased,FL
107,12/17/2017,88,39,4.3,Webinar,WA
108,5/6/2018,88,103,4.1,Email Campaign,IA
109,8/8/2017,186,111,4.3,Youtube Survey,TN
110,1/14/2018,25,2,1.6,Social Media,NY
111,11/27/2017,57,67,1.3,Email Campaign,MO
112,7/28/2017,85,145,1.7,Social Media,AZ
113,7/14/2018,187,86,4.9,Email Campaign,NJ
114,10/10/2017,109,117,2,Email Campaign,MO
115,11/26/2017,84,47,3.5,PaperBased,AZ
116,11/4/2017,177,134,2,PaperBased,IN
117,3/15/2018,29,70,4.3,PaperBased,TX
118,5/29/2018,183,36,2.7,Youtube Survey,LA
119,2/4/2018,164,130,4.7,Email Campaign,TX
120,8/20/2017,193,140,3.5,Youtube Survey,TN
121,10/24/2017,74,140,2.6,Email Campaign,FL
122,5/3/2018,83,123,4,Email Campaign,FL
123,6/6/2018,49,39,3.5,Email Campaign,TX
124,2/21/2018,112,137,3.9,Email Campaign,NY
125,12/3/2017,34,76,1.8,Webinar,SD
126,1/12/2018,170,140,3.6,Webinar,FL
127,9/2/2017,56,28,2.2,Youtube Survey,PA
128,3/3/2018,91,125,4.5,Youtube Survey,NC
129,8/14/2017,116,71,1.1,PaperBased,TN
130,7/2/2018,192,76,2.3,Social Media,TN
131,12/10/2017,98,149,3.7,Social Media,CO
132,6/3/2018,150,59,1.4,Social Media,SC
133,8/14/2017,153,106,2.4,Email Campaign,DC
134,8/10/2017,68,145,2.3,Social Media,CA
135,3/16/2018,110,51,2.8,Social Media,UT
136,9/8/2017,116,115,2.1,Youtube Survey,SC
137,8/6/2017,125,90,1.2,PaperBased,CA
138,6/29/2018,53,54,2.8,Social Media,FL
139,6/1/2018,196,106,4,Youtube Survey,TX
140,4/27/2018,149,105,4.4,Social Media,FL
141,5/13/2018,192,13,4.6,Email Campaign,FL
142,8/28/2017,163,51,1.7,PaperBased,TX
143,1/27/2018,162,28,2.5,Social Media,MN
144,9/3/2017,78,51,4.9,Youtube Survey,OK
145,7/27/2017,59,58,1.2,Social Media,CA
146,7/23/2017,70,93,3.3,Youtube Survey,MI
147,8/30/2017,111,23,4.7,Social Media,PA
148,2/7/2018,89,0,4.2,Email Campaign,IA
149,11/2/2017,177,0,2.9,Social Media,NY
150,12/20/2017,31,64,3.3,Social Media,TX
151,4/22/2018,138,66,3.4,Webinar,NV
152,3/16/2018,176,6,2.8,Email Campaign,DC
153,1/24/2018,126,8,1.7,Email Campaign,MI
154,6/28/2018,133,107,1.4,Email Campaign,CT
155,9/14/2017,169,150,3.3,Social Media,DC
156,10/3/2017,26,61,3.1,Youtube Survey,OH
157,10/25/2017,163,13,2.1,PaperBased,CA
158,1/3/2018,68,33,4,Youtube Survey,MN
159,3/2/2018,180,115,3.6,Email Campaign,TX
160,5/2/2018,108,102,3.3,Email Campaign,WA
161,7/15/2018,106,102,1.3,Email Campaign,MO
162,4/19/2018,179,107,2.2,Email Campaign,PA
163,11/14/2017,81,49,2.5,Email Campaign,CO
164,7/26/2017,192,105,1.9,Email Campaign,CO
165,12/10/2017,92,149,2,Email Campaign,NC
166,4/29/2018,95,43,4.2,Email Campaign,FL
167,5/16/2018,98,30,1.9,Social Media,OK
168,3/20/2018,114,149,5,PaperBased,TX
169,9/23/2017,89,147,2.8,Email Campaign,AL
170,9/8/2017,160,135,2.5,Youtube Survey,CT
171,4/18/2018,133,144,1.7,Email Campaign,VA
172,5/17/2018,178,81,1.9,Webinar,FL
173,9/25/2017,116,70,2.7,Email Campaign,IL
174,5/10/2018,60,71,4.3,PaperBased,NY
175,12/21/2017,174,23,2.9,Email Campaign,TX
176,7/14/2018,137,78,1.7,Email Campaign,NY
177,9/11/2017,144,106,1.2,Social Media,NY
178,10/16/2017,196,26,2.3,Email Campaign,MO
179,6/12/2018,55,136,3,PaperBased,MA
180,8/15/2017,89,132,2.2,Webinar,CT
181,8/10/2017,61,50,2.5,Social Media,FL
182,2/17/2018,76,69,2,PaperBased,DE
183,11/2/2017,167,119,4.2,Social Media,CA
184,5/16/2018,57,82,2.1,Webinar,CA
185,8/27/2017,127,3,1.8,Social Media,CA
186,10/13/2017,98,33,2.8,PaperBased,TX
187,12/22/2017,111,1,1.9,Webinar,TX
188,10/1/2017,85,36,4.2,PaperBased,CA
189,2/5/2018,132,111,4.4,Youtube Survey,WI
190,2/12/2018,140,95,2,Youtube Survey,OK
191,4/24/2018,173,121,5,Email Campaign,WA
192,9/29/2017,186,69,3.1,Webinar,NH
193,2/1/2018,51,10,2.3,Email Campaign,CA
194,8/31/2017,119,9,1.4,PaperBased,MI
195,6/12/2018,133,61,2.1,Youtube Survey,IL
196,8/8/2017,99,15,3.7,Webinar,MA
197,11/3/2017,88,60,1.9,Webinar,TX
198,11/19/2017,123,126,2.3,Youtube Survey,PA
199,1/11/2018,148,136,2.6,PaperBased,CA
200,8/30/2017,95,62,3.9,Social Media,TN
201,1/18/2018,146,21,2.1,PaperBased,AR
202,8/4/2017,27,120,4.7,Email Campaign,LA
203,9/10/2017,174,76,2.2,Youtube Survey,GA
204,10/25/2017,49,126,1.5,Email Campaign,FL
205,3/27/2018,70,82,1.6,Webinar,OK
206,7/5/2018,136,20,2.2,Email Campaign,MO
207,12/12/2017,30,85,1.6,Email Campaign,AL
208,3/22/2018,76,130,1.1,PaperBased,MA
209,11/23/2017,180,61,1.1,Webinar,AK
210,5/21/2018,138,28,2.1,Youtube Survey,CA
211,8/25/2017,84,115,3.5,PaperBased,CA
212,8/3/2017,86,24,3.9,Webinar,TX
213,5/4/2018,42,43,1.3,Social Media,VA
214,3/29/2018,29,21,1.8,PaperBased,TX
215,6/22/2018,159,105,4.8,Email Campaign,WI
216,2/28/2018,162,87,1.2,Social Media,OH
217,10/26/2017,97,145,3.1,Youtube Survey,UT
218,1/24/2018,116,28,2.4,Email Campaign,VA
219,8/6/2017,73,68,3.9,Social Media,CA
220,10/25/2017,120,74,4.1,Social Media,MI
221,8/17/2017,52,122,2.8,PaperBased,IL
222,4/29/2018,66,74,4.6,PaperBased,VA
223,8/5/2017,187,79,4.4,Social Media,CA
224,2/13/2018,148,58,4.8,Youtube Survey,PA
225,3/17/2018,190,143,1.7,Email Campaign,NY
226,7/21/2018,35,24,3.2,Social Media,CA
227,7/7/2018,80,21,3.8,Youtube Survey,MD
228,1/8/2018,115,30,1.1,Social Media,WV
229,2/1/2018,143,71,2.8,Youtube Survey,FL
230,7/1/2018,173,47,4.9,Webinar,CA
231,10/26/2017,131,39,1.2,Youtube Survey,OH
232,3/26/2018,176,28,4.5,Webinar,CA
233,7/19/2018,67,31,2.6,PaperBased,CA
234,4/5/2018,38,138,4.2,Email Campaign,AZ
235,5/15/2018,167,117,2.8,Webinar,CO
236,1/11/2018,34,34,1.9,Email Campaign,FL
237,6/12/2018,128,108,3,Webinar,MD
238,5/29/2018,177,120,1.7,Webinar,CO
239,11/26/2017,85,55,1.9,Email Campaign,MO
240,8/27/2017,49,116,4.7,Webinar,PA
241,6/15/2018,121,92,3.7,PaperBased,MA
242,6/16/2018,89,140,2.8,Webinar,FL
243,2/9/2018,26,136,4.3,Webinar,FL
244,1/7/2018,93,112,2.3,Email Campaign,TX
245,9/9/2017,142,12,1.4,Youtube Survey,AZ
246,5/12/2018,41,99,4.6,Youtube Survey,VA
247,5/9/2018,120,21,2.8,PaperBased,NY
248,1/10/2018,71,13,4.6,Social Media,OH
249,2/11/2018,156,22,1,Email Campaign,DC
250,5/6/2018,83,97,1.8,Email Campaign,MD
251,5/27/2018,137,15,4.6,Social Media,CO
252,11/7/2017,112,122,1.2,Youtube Survey,DC
253,3/7/2018,195,106,4.5,Social Media,PA
254,1/8/2018,188,67,2,Youtube Survey,OH
255,2/26/2018,134,147,2.4,Email Campaign,TX
256,7/12/2018,85,31,4.7,Social Media,WV
257,9/5/2017,168,146,4.5,Email Campaign,OH
258,1/3/2018,133,133,2.4,PaperBased,WA
259,7/27/2017,110,11,3.8,Webinar,IN
260,8/8/2017,79,143,4.4,Social Media,MI
261,10/13/2017,185,63,3.7,Email Campaign,FL
262,12/27/2017,166,97,4,Social Media,DC
263,1/26/2018,36,16,2.9,Youtube Survey,TX
264,10/2/2017,153,124,3.6,PaperBased,PA
265,4/11/2018,102,113,3.6,Social Media,VA
266,12/9/2017,176,118,4.1,Webinar,CA
267,2/2/2018,175,85,3.8,Webinar,PA
268,10/18/2017,91,123,4.1,Webinar,FL
269,12/2/2017,145,109,1.2,Social Media,MI
270,8/30/2017,189,129,3.4,Social Media,KS
271,5/18/2018,189,41,4.3,Social Media,CA
272,6/27/2018,112,109,2.2,Email Campaign,AL
273,1/10/2018,117,87,3.2,Email Campaign,CO
274,3/30/2018,49,69,3.5,Email Campaign,CA
275,9/27/2017,42,3,3.7,Webinar,AZ
276,3/18/2018,182,9,2.1,Webinar,NE
277,10/8/2017,61,135,1.2,PaperBased,FL
278,9/25/2017,69,128,2.5,Email Campaign,TX
279,7/26/2017,75,122,2.8,Youtube Survey,FL
280,5/15/2018,73,97,2.4,Youtube Survey,FL
281,12/31/2017,120,54,3.4,Email Campaign,PA
282,2/1/2018,159,50,1.3,PaperBased,AL
283,8/18/2017,135,107,5,Webinar,OK
284,1/29/2018,134,133,4.1,PaperBased,AL
285,11/22/2017,136,89,1.7,Social Media,HI
286,8/16/2017,196,57,3.5,Webinar,WA
287,7/13/2018,125,96,3.4,Email Campaign,GA
288,10/22/2017,194,35,3.1,PaperBased,TX
289,8/31/2017,69,126,2.1,Email Campaign,FL
290,3/9/2018,156,50,3.7,Social Media,GA
291,6/19/2018,40,1,4.2,Webinar,DE
292,10/29/2017,147,30,3.9,Social Media,FL
293,10/9/2017,122,18,3.1,Email Campaign,MN
294,6/30/2018,111,62,2.8,Webinar,CO
295,9/10/2017,100,64,2.1,Webinar,CA
296,2/22/2018,147,70,3.1,Email Campaign,CA
297,8/19/2017,47,74,3.9,Email Campaign,VA
298,5/2/2018,74,18,4.3,Email Campaign,CA
299,11/24/2017,173,50,3.5,Youtube Survey,CT
300,3/4/2018,170,134,1,Webinar,MO
301,8/24/2017,108,25,4.6,Webinar,AL
302,6/15/2018,59,149,4.4,Social Media,CA
303,5/31/2018,173,70,2.6,PaperBased,LA
304,10/14/2017,117,146,3.3,Social Media,MO
305,8/7/2017,59,13,1,Webinar,CA
306,8/17/2017,56,50,1.2,Email Campaign,NC
307,4/1/2018,144,104,4.2,Social Media,NY
308,9/16/2017,146,13,3.9,PaperBased,WA
309,8/12/2017,145,105,1.7,Email Campaign,PA
310,8/7/2017,108,0,2.2,Email Campaign,TN
311,10/13/2017,64,14,4.7,Email Campaign,MN
312,10/4/2017,56,143,1.9,Social Media,VA
313,2/27/2018,33,119,1.5,Email Campaign,AR
314,2/16/2018,80,6,3.9,Webinar,TX
315,10/8/2017,48,101,1.3,Social Media,TN
316,6/1/2018,146,103,2.6,Social Media,TN
317,4/12/2018,152,12,3.4,Youtube Survey,KS
318,7/27/2017,134,3,2.8,PaperBased,TN
319,5/10/2018,198,110,2.2,Email Campaign,OR
320,3/9/2018,78,66,4.1,Webinar,NC
321,6/14/2018,182,92,1.1,Email Campaign,CA
322,2/8/2018,154,31,4.6,Social Media,AL
323,4/13/2018,61,146,4,Email Campaign,CA
324,5/5/2018,50,53,3,Email Campaign,TX
325,2/16/2018,200,52,1.7,Youtube Survey,OH
326,10/25/2017,39,55,3.6,Youtube Survey,NV
327,9/25/2017,104,88,1.5,Youtube Survey,FL
328,7/12/2018,158,70,1.7,Social Media,NV
329,1/4/2018,101,30,1.5,Social Media,TX
330,12/31/2017,103,65,2,PaperBased,IA
331,8/3/2017,172,148,3.9,Youtube Survey,TX
332,5/7/2018,136,80,1.8,Webinar,PA
333,8/12/2017,138,1,3.1,Youtube Survey,UT
334,7/20/2018,148,105,3.5,PaperBased,CA
335,2/15/2018,52,70,1.7,Webinar,IA
336,12/9/2017,181,45,1,Email Campaign,GA
337,8/9/2017,175,36,1.5,Email Campaign,MI
338,9/29/2017,163,51,4.9,Email Campaign,MS
339,2/20/2018,114,133,1.8,Webinar,FL
340,8/12/2017,179,19,4.1,PaperBased,DC
341,6/10/2018,74,78,1.3,Social Media,IL
342,10/8/2017,79,54,2.3,Email Campaign,DC
343,12/25/2017,78,92,2.4,Youtube Survey,TX
344,1/12/2018,150,25,2.4,Webinar,CA
345,6/1/2018,129,51,2.8,Webinar,PA
346,9/15/2017,46,40,2.2,Webinar,WA
347,4/30/2018,111,45,2.1,Email Campaign,VA
348,8/18/2017,48,128,2.8,Youtube Survey,DC
349,9/12/2017,176,27,1.6,Social Media,PA
350,7/17/2018,138,33,3.9,Webinar,MD
351,12/26/2017,49,84,1.3,PaperBased,CO
352,8/15/2017,139,63,1.8,Social Media,FL
353,5/15/2018,56,33,1.1,Youtube Survey,CA
354,3/2/2018,48,70,1.3,PaperBased,CA
355,10/27/2017,103,76,2,PaperBased,TX
356,3/20/2018,95,139,4.6,PaperBased,CA
357,7/7/2018,144,82,3.2,PaperBased,IL
358,11/2/2017,199,111,3.3,PaperBased,MN
359,4/6/2018,162,57,2.4,Email Campaign,TX
360,10/7/2017,51,6,2.1,Youtube Survey,TX
361,11/16/2017,185,13,4.4,Social Media,FL
362,6/17/2018,28,40,5,Social Media,TX
363,7/15/2018,116,55,4.8,Email Campaign,GA
364,2/11/2018,106,143,1.6,Email Campaign,NC
365,9/27/2017,192,20,4.8,Webinar,CA
366,11/21/2017,74,6,4.4,Email Campaign,NY
367,6/4/2018,175,132,2.9,Social Media,OH
368,5/10/2018,77,91,3.8,Email Campaign,CA
369,3/18/2018,190,75,4.6,Youtube Survey,NY
370,7/4/2018,188,141,4.8,Webinar,OH
371,7/24/2017,100,10,3.2,Webinar,DE
372,2/1/2018,36,39,4.7,Email Campaign,VA
373,8/29/2017,107,81,1,PaperBased,IN
374,12/27/2017,31,9,1.1,Email Campaign,CA
375,2/9/2018,72,27,3.9,PaperBased,GA
376,8/25/2017,124,2,1.3,Webinar,VA
377,11/21/2017,139,108,1.8,Email Campaign,AL
378,5/18/2018,154,4,3.2,Webinar,MI
379,6/20/2018,79,126,1.4,Webinar,TX
380,2/11/2018,35,111,4.9,Email Campaign,FL
381,2/22/2018,133,131,3.1,Webinar,OH
382,7/17/2018,183,77,3.8,Social Media,MI
383,12/23/2017,129,13,1.2,Social Media,CA
384,12/8/2017,173,44,1.5,Webinar,MO
385,12/20/2017,67,113,4.4,Webinar,NY
386,5/8/2018,47,124,2.4,Youtube Survey,TX
387,11/16/2017,170,54,4,Youtube Survey,KS
388,4/21/2018,43,69,2,Social Media,PA
389,3/24/2018,33,37,2.5,Webinar,WA
390,4/20/2018,75,91,4.2,PaperBased,VA
391,4/14/2018,137,16,4,Email Campaign,SD
392,7/23/2017,117,3,2.4,Webinar,TX
393,8/31/2017,137,0,3.3,Email Campaign,VA
394,3/29/2018,45,96,1.3,Email Campaign,AL
395,4/18/2018,191,43,4.7,PaperBased,FL
396,7/7/2018,164,70,3.6,PaperBased,ID
397,12/21/2017,175,25,1.4,Youtube Survey,OK
398,7/6/2018,45,110,1.9,Youtube Survey,MI
399,9/30/2017,29,137,3.7,Social Media,DC
400,3/6/2018,153,144,3,Youtube Survey,NJ
401,1/17/2018,121,79,4,PaperBased,GA
402,3/5/2018,169,87,1.5,Webinar,FL
403,8/1/2017,73,20,3.9,Youtube Survey,TX
404,7/21/2018,105,20,1.2,Social Media,CA
405,8/24/2017,70,40,2.2,Youtube Survey,TX
406,10/11/2017,162,112,2.7,Youtube Survey,IA
407,6/24/2018,106,57,1.8,Email Campaign,VA
408,8/23/2017,62,8,3.1,PaperBased,CA
409,10/19/2017,145,92,2.7,PaperBased,CO
410,7/7/2018,98,108,1.4,Webinar,NC
411,2/7/2018,128,76,4.8,Webinar,TX
412,12/15/2017,64,133,4.7,PaperBased,NC
413,10/9/2017,31,76,2.8,Social Media,DC
414,4/5/2018,106,59,2.3,Email Campaign,PA
415,7/2/2018,160,113,2.1,Youtube Survey,TX
416,5/11/2018,56,105,4.4,Social Media,GA
417,2/22/2018,161,28,2.5,Webinar,UT
418,7/16/2018,146,132,3.5,Social Media,TX
419,8/11/2017,74,103,1.8,Youtube Survey,TN
420,11/16/2017,135,100,1.1,Webinar,AZ
421,10/30/2017,37,32,3.3,PaperBased,CA
422,1/31/2018,90,81,2.2,PaperBased,VA
423,9/4/2017,167,82,1.9,Social Media,TX
424,1/3/2018,33,94,1.9,Youtube Survey,AL
425,9/11/2017,130,124,2.4,Email Campaign,CA
426,5/1/2018,89,25,3,PaperBased,NH
427,11/29/2017,129,100,4.9,Email Campaign,NE
428,2/6/2018,161,45,4.3,Email Campaign,TX
429,5/20/2018,136,128,2.3,PaperBased,CA
430,1/5/2018,159,144,1.7,PaperBased,IN
431,5/31/2018,41,89,3.8,Webinar,DC
432,12/20/2017,118,20,1.1,Webinar,TX
433,12/25/2017,159,109,3.5,Youtube Survey,MD
434,12/29/2017,26,17,3.6,Youtube Survey,VA
435,7/7/2018,182,102,4.3,Social Media,VA
436,5/15/2018,134,13,2.9,Webinar,VA
437,2/21/2018,156,113,1.7,Youtube Survey,TX
438,12/4/2017,39,22,1.7,Social Media,CT
439,10/15/2017,162,72,4.5,Email Campaign,AL
440,11/6/2017,148,147,2.1,Webinar,OH
441,1/6/2018,176,137,4.8,Social Media,FL
442,5/15/2018,45,63,4.5,PaperBased,IL
443,1/15/2018,134,75,4,Social Media,DC
444,11/29/2017,143,122,2.6,Social Media,KY
445,9/12/2017,181,109,2,Email Campaign,CA
446,2/7/2018,27,149,4.2,Youtube Survey,NE
447,10/4/2017,137,119,1.3,Email Campaign,NY
448,8/25/2017,170,142,2.2,Youtube Survey,MA
449,8/13/2017,118,112,4.3,PaperBased,GA
450,4/8/2018,130,72,2,PaperBased,GA
451,11/25/2017,38,39,3.8,Social Media,AZ
452,9/19/2017,50,140,3.4,Webinar,VA
453,11/18/2017,195,15,4.6,Social Media,PA
454,11/8/2017,77,129,4.7,Social Media,UT
455,11/23/2017,161,116,1.9,Webinar,MI
456,8/18/2017,162,60,1.6,PaperBased,MO
457,1/6/2018,105,26,2.1,Webinar,CA
458,1/21/2018,180,149,3.1,Email Campaign,CA
459,5/25/2018,120,57,2.1,Email Campaign,SC
460,7/31/2017,192,127,1.6,PaperBased,TN
461,12/18/2017,75,85,1.8,PaperBased,CA
462,2/16/2018,31,139,4.6,Webinar,MI
463,4/21/2018,159,36,1,PaperBased,NY
464,9/13/2017,193,114,3.2,PaperBased,VA
465,10/23/2017,64,72,4.4,Webinar,OH
466,8/23/2017,179,20,1.4,Youtube Survey,TX
467,10/10/2017,34,55,3.6,Social Media,SC
468,4/10/2018,130,1,1.3,Social Media,CA
469,2/18/2018,140,97,3.9,Social Media,NJ
470,5/15/2018,190,47,1.8,Email Campaign,WV
471,10/21/2017,132,19,1.8,PaperBased,IL
472,6/28/2018,192,133,2.3,Youtube Survey,FL
473,10/16/2017,119,123,4.1,Youtube Survey,OH
474,1/9/2018,191,40,2,PaperBased,IA
475,9/12/2017,85,72,2.9,Social Media,CA
476,3/1/2018,136,71,3.8,Email Campaign,TX
477,9/9/2017,32,68,4.7,Social Media,FL
478,5/30/2018,99,88,3.6,Webinar,TX
479,2/2/2018,101,43,4.9,Email Campaign,PA
480,10/20/2017,74,94,3.4,Email Campaign,VA
481,7/27/2017,57,101,2.1,PaperBased,DC
482,2/6/2018,149,99,2.4,Webinar,MN
483,3/2/2018,61,16,4.6,Youtube Survey,OR
484,6/2/2018,175,106,1.6,Email Campaign,TX
485,6/27/2018,73,25,3.2,Email Campaign,NV
486,7/14/2018,131,109,2.1,Webinar,WA
487,6/26/2018,149,105,1.5,Youtube Survey,DC
488,6/20/2018,177,30,4.8,Webinar,NC
489,10/20/2017,90,144,1.1,Webinar,KY
490,1/27/2018,123,124,4.4,PaperBased,DC
491,9/11/2017,184,71,1.6,Youtube Survey,PA
492,11/16/2017,102,28,1.1,PaperBased,CA
493,9/26/2017,200,96,2.8,Social Media,MO
494,1/31/2018,196,42,1.3,Social Media,AK
495,6/26/2018,142,18,4,Youtube Survey,DC
496,6/18/2018,180,114,1.5,Youtube Survey,NE
497,2/14/2018,88,64,3.5,PaperBased,CA
498,3/19/2018,177,98,2.6,PaperBased,CA
499,1/4/2018,42,143,4,PaperBased,FL
500,5/23/2018,151,78,3.2,Social Media,NE
501,2/5/2018,185,67,1.6,Webinar,NY
502,11/5/2017,67,52,5,Youtube Survey,CA
503,3/30/2018,175,109,3.9,Social Media,AZ
504,7/25/2017,119,108,1.9,Webinar,NC
505,1/28/2018,50,53,1.4,Email Campaign,FL
506,11/10/2017,160,133,1.3,PaperBased,FL
507,6/6/2018,194,3,4.8,Social Media,GA
508,4/8/2018,78,50,3,PaperBased,VA
509,4/15/2018,83,15,3.7,PaperBased,PA
510,9/1/2017,73,85,1.9,Social Media,WI
511,5/28/2018,67,78,2.9,Youtube Survey,VA
512,3/20/2018,137,122,1.9,Social Media,TX
513,3/6/2018,54,64,2.6,Youtube Survey,GA
514,2/13/2018,159,65,3.8,Social Media,HI
515,8/23/2017,95,97,2.6,Social Media,CO
516,9/25/2017,156,69,1.1,Youtube Survey,MA
517,3/23/2018,173,15,2.8,Youtube Survey,IA
518,7/30/2017,138,74,4.8,Youtube Survey,OH
519,2/16/2018,59,141,1.7,Social Media,NY
520,3/5/2018,85,58,4,PaperBased,PA
521,10/23/2017,191,0,3,Email Campaign,IN
522,10/24/2017,184,27,1.6,Webinar,NY
523,12/5/2017,88,42,4.3,PaperBased,NJ
524,7/14/2018,166,52,1,Youtube Survey,WI
525,2/23/2018,171,121,4.3,Email Campaign,CA
526,8/2/2017,32,112,4.7,Youtube Survey,TX
527,10/27/2017,174,28,2.3,PaperBased,VA
528,7/4/2018,57,90,4.7,Social Media,CA
529,7/26/2017,67,138,3.9,Social Media,OK
530,12/5/2017,36,69,2,Email Campaign,PA
531,7/8/2018,82,76,3.1,Social Media,MO
532,7/4/2018,195,33,3.3,Webinar,MO
533,1/11/2018,54,36,2.4,Email Campaign,TX
534,12/7/2017,163,106,4.2,Youtube Survey,NM
535,8/16/2017,47,101,4.2,PaperBased,PA
536,7/18/2018,135,15,1.8,Webinar,PA
537,2/9/2018,126,94,2.9,Youtube Survey,CA
538,8/29/2017,77,80,3.6,PaperBased,VA
539,5/29/2018,170,41,3.4,Youtube Survey,TX
540,8/29/2017,130,150,3.4,Email Campaign,UT
541,8/30/2017,140,121,4.3,PaperBased,TX
542,11/24/2017,82,140,2.7,PaperBased,NC
543,5/26/2018,176,145,4.3,Email Campaign,OH
544,1/11/2018,141,26,2.3,Youtube Survey,OK
545,6/27/2018,166,20,2.6,Social Media,TX
546,2/4/2018,54,139,3.1,PaperBased,ID
547,11/17/2017,121,91,2.8,Email Campaign,NJ
548,7/23/2017,78,55,3.9,PaperBased,FL
549,9/10/2017,113,133,4.5,Youtube Survey,IN
550,7/2/2018,49,131,2.5,PaperBased,FL
551,3/25/2018,159,133,1.2,Youtube Survey,CA
552,12/2/2017,43,110,3.9,Youtube Survey,FL
553,11/3/2017,61,1,2.8,Webinar,MI
554,8/7/2017,29,59,1.4,Email Campaign,NV
555,2/13/2018,196,119,3.2,Webinar,MI
556,7/14/2018,173,107,2.7,PaperBased,TX
557,1/9/2018,142,28,3.3,Social Media,FL
558,4/10/2018,163,72,1.6,Youtube Survey,DC
559,11/7/2017,83,83,1.3,PaperBased,MN
560,6/27/2018,99,67,2.4,Email Campaign,VT
561,11/28/2017,60,149,2.2,PaperBased,NV
562,10/1/2017,150,9,2.9,Social Media,WA
563,4/13/2018,93,149,2.4,Social Media,AL
564,7/4/2018,75,150,1.6,Youtube Survey,PA
565,1/30/2018,130,9,3.1,PaperBased,NY
566,1/20/2018,87,27,3.4,PaperBased,MN
567,5/30/2018,176,87,2.7,PaperBased,FL
568,7/8/2018,180,134,4.7,Email Campaign,NE
569,6/3/2018,61,6,1.7,Social Media,FL
570,11/22/2017,87,56,1.2,PaperBased,FL
571,6/9/2018,157,113,1.8,PaperBased,MO
572,9/16/2017,198,115,2.5,Webinar,OH
573,7/13/2018,111,73,3,Webinar,FL
574,1/17/2018,160,75,4.8,PaperBased,TX
575,11/1/2017,37,58,1.9,Email Campaign,CA
576,6/18/2018,194,40,2,Webinar,NC
577,5/11/2018,197,75,1.5,Email Campaign,PA
578,4/11/2018,56,97,3.1,Webinar,CO
579,3/21/2018,150,144,3.2,PaperBased,SC
580,11/6/2017,92,90,1.2,PaperBased,OK
581,9/21/2017,142,116,2,Webinar,MA
582,9/3/2017,70,105,2.2,Youtube Survey,TX
583,4/3/2018,92,43,3.5,Social Media,FL
584,9/5/2017,87,119,5,Youtube Survey,AL
585,2/23/2018,127,109,4.1,Youtube Survey,NY
586,3/12/2018,59,4,4,Youtube Survey,WA
587,1/27/2018,135,81,4.8,Webinar,NY
588,12/10/2017,61,27,2.2,PaperBased,CO
589,5/26/2018,148,91,1.8,Youtube Survey,NY
590,8/29/2017,115,143,2.1,Webinar,NC
591,7/29/2017,87,96,4.2,Email Campaign,CA
592,7/20/2018,65,16,1.6,Youtube Survey,FL
593,8/18/2017,170,5,4.9,Youtube Survey,GA
594,9/19/2017,191,103,4.8,Social Media,HI
595,4/6/2018,121,65,3,Email Campaign,TX
596,9/2/2017,185,112,3.7,Social Media,CO
597,5/8/2018,145,11,1.6,Email Campaign,VA
598,7/24/2017,134,104,1.4,Email Campaign,LA
599,9/2/2017,81,107,4.1,Webinar,OH
600,3/3/2018,111,118,4.4,Social Media,ID
601,5/14/2018,56,37,2.4,Webinar,AR
602,5/28/2018,28,135,3.9,Email Campaign,AZ
603,9/7/2017,49,2,3,Webinar,DC
604,5/15/2018,71,47,2,Social Media,TX
605,10/14/2017,196,37,2.1,PaperBased,TX
606,2/23/2018,124,4,2.5,Webinar,FL
607,5/14/2018,131,133,4.6,Social Media,NY
608,10/1/2017,147,61,4.7,Email Campaign,GA
609,1/18/2018,63,136,3.5,Email Campaign,WA
610,5/19/2018,146,29,1.8,Youtube Survey,GA
611,11/4/2017,158,114,4.3,Email Campaign,TX
612,9/4/2017,75,35,1.9,Youtube Survey,AZ
613,11/24/2017,198,138,1.8,Youtube Survey,FL
614,9/9/2017,61,103,4,PaperBased,TX
615,8/24/2017,81,113,1.3,Social Media,FL
616,6/17/2018,27,62,4.5,Webinar,AZ
617,1/17/2018,99,67,4.5,Youtube Survey,MS
618,9/11/2017,104,35,4.9,Youtube Survey,TX
619,9/4/2017,94,91,4.5,Social Media,VA
620,11/29/2017,177,128,1.1,Webinar,MO
621,10/15/2017,35,147,4.6,Youtube Survey,AL
622,12/2/2017,33,59,3.7,Email Campaign,CA
623,4/17/2018,60,128,4.4,PaperBased,FL
624,8/16/2017,55,41,1.5,Webinar,NY
625,10/11/2017,145,29,1.6,Email Campaign,CA
626,12/25/2017,184,103,2.3,Email Campaign,CA
627,10/21/2017,41,142,2.1,Email Campaign,DC
628,10/18/2017,162,123,2.1,Email Campaign,FL
629,12/7/2017,74,11,2.1,Email Campaign,OH
630,10/30/2017,92,149,2.2,Webinar,IN
631,10/25/2017,75,108,3.4,Youtube Survey,IA
632,11/23/2017,187,66,4.8,Social Media,MD
633,7/2/2018,158,67,2.3,Email Campaign,FL
634,10/30/2017,120,85,1.5,PaperBased,FL
635,4/14/2018,141,87,2.2,Webinar,FL
636,11/27/2017,107,108,2.5,Youtube Survey,CA
637,5/12/2018,136,110,4.9,Email Campaign,DC
638,11/15/2017,119,85,2.7,PaperBased,NY
639,11/16/2017,187,86,3,Social Media,VA
640,7/19/2018,50,42,4.8,Youtube Survey,TX
641,12/15/2017,183,129,3,Webinar,NE
642,10/1/2017,192,98,1.7,Webinar,MN
643,9/22/2017,119,56,4.3,PaperBased,FL
644,2/19/2018,121,101,4.8,Youtube Survey,CA
645,7/7/2018,87,38,1.2,Youtube Survey,WI
646,9/19/2017,143,126,1.7,Webinar,NC
647,5/19/2018,79,137,3.9,Email Campaign,TN
648,11/23/2017,25,75,2.5,Youtube Survey,TX
649,1/21/2018,91,110,3.4,Email Campaign,MN
650,10/5/2017,199,148,3.5,Youtube Survey,FL
651,7/29/2017,126,49,3.1,Youtube Survey,VA
652,3/20/2018,163,16,3.2,PaperBased,DC
653,1/5/2018,114,24,1.2,Social Media,TX
654,7/7/2018,180,83,1.5,Youtube Survey,TX
655,10/21/2017,113,44,2.9,PaperBased,PA
656,8/8/2017,170,47,3.4,Social Media,FL
657,1/30/2018,92,59,2.1,Youtube Survey,CT
658,7/26/2017,97,86,3.3,Email Campaign,TX
659,1/20/2018,179,5,4.6,Email Campaign,NJ
660,9/16/2017,149,46,3.2,Email Campaign,LA
661,11/15/2017,182,3,3.4,PaperBased,NY
662,2/18/2018,89,58,1.3,Webinar,WA
663,3/10/2018,166,31,2.5,Social Media,AL
664,7/28/2017,52,106,3.8,Webinar,CA
665,11/17/2017,119,9,4.5,Webinar,MI
666,7/7/2018,122,105,4.4,Email Campaign,TX
667,9/27/2017,196,76,1.9,Webinar,CT
668,4/28/2018,31,103,3.6,Webinar,OK
669,2/16/2018,155,68,1.8,Youtube Survey,CA
670,1/28/2018,56,62,2,Social Media,LA
671,1/29/2018,172,42,4.8,Email Campaign,NY
672,10/29/2017,52,17,4.3,Webinar,MI
673,1/8/2018,80,98,3.4,Email Campaign,NC
674,2/28/2018,63,10,1.2,Social Media,NC
675,3/29/2018,124,1,3.5,Email Campaign,NV
676,2/14/2018,46,65,3.3,Webinar,MD
677,5/3/2018,26,56,4.2,Webinar,LA
678,1/22/2018,100,119,4.5,Email Campaign,WI
679,6/22/2018,63,123,3.9,Webinar,IN
680,9/25/2017,129,117,2.4,Email Campaign,CO
681,6/1/2018,166,100,2.8,PaperBased,TX
682,7/26/2017,111,76,3,Email Campaign,OH
683,12/26/2017,134,68,4.5,Email Campaign,NY
684,7/14/2018,135,8,3.8,PaperBased,MS
685,3/23/2018,157,77,4.9,PaperBased,NY
686,2/4/2018,104,27,1.3,Webinar,CA
687,8/22/2017,47,37,3.4,Webinar,MO
688,11/15/2017,147,81,4.9,Social Media,SC
689,1/7/2018,59,37,3.9,Email Campaign,MO
690,10/29/2017,68,96,3.4,Youtube Survey,FL
691,7/14/2018,56,53,3.4,Social Media,TX
692,12/19/2017,73,83,1.1,Email Campaign,TN
693,4/26/2018,118,71,1.6,Email Campaign,OK
694,12/14/2017,43,11,3.9,Youtube Survey,FL
695,6/26/2018,195,109,2,Email Campaign,CA
696,9/14/2017,105,144,4.8,PaperBased,OR
697,7/14/2018,188,106,3.2,Youtube Survey,OR
698,3/19/2018,69,26,4.9,PaperBased,OH
699,11/7/2017,155,36,1.7,Youtube Survey,CA
700,1/15/2018,195,82,2.5,Social Media,NY
701,8/12/2017,120,28,1.2,Youtube Survey,MS
702,7/4/2018,80,128,2.3,Webinar,NJ
703,9/25/2017,70,84,3.5,Webinar,FL
704,11/12/2017,188,8,2,Social Media,FL
705,3/31/2018,101,99,4.3,Social Media,CO
706,12/19/2017,78,81,2.6,Social Media,WI
707,9/16/2017,195,85,1.2,Webinar,NV
708,3/23/2018,114,108,1.3,Social Media,CA
709,12/27/2017,51,72,3.1,Email Campaign,TX
710,12/11/2017,196,15,4.3,Webinar,TX
711,8/26/2017,71,41,3.6,PaperBased,KS
712,9/16/2017,143,136,3,Social Media,CA
713,7/24/2017,182,145,4.4,PaperBased,KY
714,1/15/2018,63,19,1.4,Youtube Survey,TX
715,7/24/2017,126,129,1.2,PaperBased,PA
716,12/12/2017,162,52,4,Webinar,FL
717,6/9/2018,45,107,4.6,Webinar,DC
718,5/24/2018,169,127,3.9,Email Campaign,KS
719,5/8/2018,145,80,4.4,Email Campaign,IA
720,11/14/2017,60,25,2.5,Youtube Survey,TX
721,2/25/2018,55,39,4.4,Social Media,WV
722,2/8/2018,175,113,4.1,Email Campaign,IN
723,10/6/2017,93,147,2.7,Webinar,PA
724,4/16/2018,119,48,4.6,PaperBased,TX
725,4/15/2018,43,42,2.8,Youtube Survey,MA
726,1/13/2018,166,137,2.8,PaperBased,IA
727,9/27/2017,48,62,2.4,Email Campaign,FL
728,2/24/2018,141,46,3.6,Youtube Survey,TX
729,11/11/2017,182,81,1.7,Youtube Survey,PA
730,6/2/2018,117,126,4.2,Youtube Survey,WA
731,10/10/2017,136,135,1.8,PaperBased,NJ
732,12/26/2017,104,31,2.4,Social Media,WV
733,9/29/2017,136,30,1.3,Youtube Survey,MA
734,7/4/2018,184,25,3.9,PaperBased,TX
735,12/19/2017,62,123,1.6,Youtube Survey,FL
736,8/17/2017,60,46,1.5,Social Media,AL
737,4/4/2018,45,40,1.8,Email Campaign,FL
738,9/8/2017,145,97,3.5,Youtube Survey,DC
739,1/16/2018,81,113,2.8,Email Campaign,TX
740,1/1/2018,145,41,1.6,Email Campaign,KY
741,4/15/2018,156,57,1.1,Youtube Survey,AR
742,8/22/2017,182,16,4.2,Webinar,IA
743,9/3/2017,53,113,2.9,PaperBased,OH
744,10/8/2017,150,66,3,Social Media,FL
745,11/10/2017,173,25,2.6,Webinar,CA
746,10/1/2017,46,40,4.2,Social Media,MO
747,3/18/2018,45,76,3.2,Social Media,AZ
748,2/13/2018,70,66,1.4,Social Media,OH
749,10/2/2017,188,5,3.5,Webinar,MI
750,5/5/2018,36,14,2.6,Youtube Survey,SC
751,1/20/2018,53,145,1.4,PaperBased,MO
752,6/1/2018,129,115,2.6,PaperBased,FL
753,1/1/2018,198,129,2.4,Email Campaign,GA
754,6/21/2018,147,71,1.2,Youtube Survey,CT
755,10/21/2017,93,13,4.7,Social Media,FL
756,10/7/2017,152,27,3.6,Webinar,OH
757,10/2/2017,63,115,1.8,Social Media,ID
758,9/23/2017,140,58,4.2,Social Media,CA
759,12/12/2017,143,58,1.7,PaperBased,CT
760,8/17/2017,105,82,3.8,PaperBased,MN
761,12/9/2017,200,65,1.6,Social Media,TX
762,11/6/2017,117,124,3.7,Email Campaign,ID
763,1/15/2018,121,52,3.9,PaperBased,CO
764,5/24/2018,163,144,3,Webinar,CA
765,8/9/2017,58,75,2.8,Youtube Survey,CO
766,1/29/2018,66,121,4.7,PaperBased,TX
767,12/19/2017,146,59,3,Social Media,IL
768,7/24/2017,46,49,3.3,Youtube Survey,CA
769,11/29/2017,55,8,2.5,Email Campaign,MI
770,11/11/2017,129,147,1.3,Email Campaign,WA
771,1/21/2018,122,86,2.8,Youtube Survey,FL
772,2/8/2018,58,69,1.7,PaperBased,PA
773,4/13/2018,199,105,4.9,Youtube Survey,OK
774,7/25/2017,159,45,2.6,Youtube Survey,IL
775,3/26/2018,105,146,4.5,PaperBased,IL
776,10/4/2017,47,77,4.9,Youtube Survey,TN
777,12/24/2017,60,51,2.9,Youtube Survey,OR
778,7/8/2018,130,26,1.7,Social Media,TX
779,9/23/2017,98,106,4.1,Email Campaign,OH
780,2/22/2018,156,82,3.2,Webinar,TX
781,1/29/2018,191,19,2.9,Webinar,WV
782,7/25/2017,50,91,4.5,Webinar,KS
783,9/26/2017,92,47,2.6,Social Media,IL
784,1/10/2018,173,60,4.2,Social Media,NE
785,4/1/2018,25,0,3.5,PaperBased,CO
786,3/8/2018,105,118,2.9,Youtube Survey,AL
787,12/29/2017,165,101,1.1,Email Campaign,NC
788,7/13/2018,128,49,4,Youtube Survey,CA
789,11/27/2017,171,148,4.4,Social Media,TX
790,2/24/2018,26,9,2.1,Youtube Survey,FL
791,8/12/2017,45,137,2.8,Social Media,CA
792,7/6/2018,194,84,1.7,PaperBased,CA
793,9/14/2017,155,102,4.3,Youtube Survey,GA
794,6/2/2018,128,145,1.4,PaperBased,OH
795,3/14/2018,167,106,4,Youtube Survey,ND
796,9/8/2017,104,132,2.1,Social Media,KS
797,7/2/2018,166,2,3.3,Webinar,CA
798,11/1/2017,73,56,2.4,Webinar,FL
799,2/19/2018,61,60,3.6,Webinar,DC
800,12/15/2017,159,41,3.2,Social Media,IL
801,3/15/2018,41,104,2.5,PaperBased,FL
802,12/29/2017,73,127,4.2,PaperBased,IL
803,10/24/2017,53,13,1.6,Email Campaign,IA
804,11/14/2017,126,17,2,Youtube Survey,NM
805,5/10/2018,83,41,1.4,Webinar,KY
806,2/20/2018,120,129,3.1,Webinar,FL
807,10/15/2017,122,62,2.2,Webinar,IN
808,10/27/2017,183,43,1.9,Webinar,NJ
809,2/6/2018,45,109,1.2,Youtube Survey,FL
810,10/6/2017,125,1,1.1,PaperBased,SD
811,6/16/2018,165,128,1.3,Email Campaign,AZ
812,8/1/2017,40,119,4.8,Social Media,MA
813,3/18/2018,63,125,3,Social Media,IN
814,1/25/2018,162,130,4.5,Webinar,NC
815,2/24/2018,128,102,3.4,Youtube Survey,OH
816,10/13/2017,140,18,2.2,Webinar,AZ
817,12/7/2017,26,114,3.2,Youtube Survey,FL
818,8/18/2017,62,95,3,Social Media,AL
819,8/31/2017,102,82,1.1,Social Media,OK
820,3/19/2018,141,131,2.2,Webinar,FL
821,12/27/2017,143,43,1.8,Social Media,OH
822,10/10/2017,184,48,3.2,Email Campaign,TX
823,12/29/2017,50,105,3.1,PaperBased,AZ
824,10/27/2017,158,37,1.4,Webinar,CA
825,7/11/2018,59,43,2.8,Webinar,NY
826,4/13/2018,174,128,3.7,Webinar,FL
827,11/13/2017,183,25,1.3,Youtube Survey,CA
828,4/2/2018,65,113,3,Youtube Survey,OH
829,1/22/2018,199,91,1.3,Youtube Survey,IN
830,9/20/2017,127,12,2.5,Social Media,AZ
831,10/2/2017,69,7,3.7,PaperBased,TX
832,11/9/2017,93,14,1.7,Webinar,NC
833,1/9/2018,37,43,3.5,Social Media,KS
834,7/31/2017,127,35,4.4,Youtube Survey,FL
835,12/1/2017,64,66,1.3,Social Media,NV
836,7/8/2018,120,92,1.2,Email Campaign,MI
837,7/9/2018,50,150,2,Webinar,IL
838,10/31/2017,139,107,4,Webinar,DC
839,12/19/2017,43,27,4,PaperBased,TX
840,10/25/2017,94,49,1.2,Email Campaign,MS
841,7/9/2018,84,146,1.7,PaperBased,PA
842,9/1/2017,135,118,2.9,PaperBased,AL
843,4/16/2018,34,117,1.1,Webinar,FL
844,12/3/2017,115,14,4,Webinar,CA
845,6/5/2018,106,85,2.1,Youtube Survey,DC
846,4/18/2018,33,32,2.2,Email Campaign,NY
847,10/3/2017,51,10,4.5,Social Media,AZ
848,5/25/2018,132,136,4.9,Youtube Survey,IL
849,4/7/2018,141,14,2.9,Email Campaign,KY
850,7/20/2018,186,51,4.7,Youtube Survey,CO
851,8/28/2017,61,49,3,Webinar,AL
852,7/1/2018,150,39,3.8,Webinar,NV
853,9/28/2017,110,92,4.6,PaperBased,WA
854,9/15/2017,67,99,1.3,Youtube Survey,TX
855,10/7/2017,87,118,2.1,Youtube Survey,FL
856,7/13/2018,53,99,2.5,Social Media,MD
857,1/31/2018,41,36,4.2,Social Media,NC
858,8/28/2017,130,23,3.7,Email Campaign,MA
859,2/6/2018,28,31,3.9,PaperBased,DC
860,12/25/2017,107,144,1.6,Youtube Survey,NY
861,3/26/2018,165,125,4.8,Webinar,MO
862,3/4/2018,182,106,4.6,PaperBased,MO
863,5/4/2018,161,43,1.1,Webinar,MN
864,11/27/2017,131,89,1.7,Youtube Survey,DC
865,7/14/2018,102,59,1.6,Social Media,GA
866,12/17/2017,199,115,1.3,Email Campaign,MO
867,9/17/2017,103,71,2.8,Webinar,TX
868,5/5/2018,89,87,3.6,Social Media,AL
869,6/9/2018,97,20,4.5,Webinar,CA
870,8/31/2017,71,3,1.1,Youtube Survey,IN
871,8/22/2017,186,4,1.3,Webinar,NC
872,7/26/2017,82,107,3.4,Email Campaign,ID
873,1/18/2018,97,109,1.1,Webinar,TX
874,12/22/2017,147,110,3.4,Social Media,MI
875,12/8/2017,109,135,2.5,Youtube Survey,SD
876,1/3/2018,101,70,3.9,Youtube Survey,AK
877,12/24/2017,162,88,1.7,Youtube Survey,CT
878,4/3/2018,87,3,4.2,Social Media,AL
879,11/10/2017,153,88,4.5,Email Campaign,CA
880,6/12/2018,162,128,3.2,Webinar,CT
881,10/22/2017,154,59,1.8,Social Media,MI
882,11/26/2017,194,23,4.1,Webinar,TX
883,11/19/2017,37,60,4.6,Webinar,NY
884,11/10/2017,117,101,2,Social Media,ND
885,5/16/2018,91,42,1.1,Social Media,SC
886,11/18/2017,116,64,1.4,Webinar,FL
887,11/22/2017,106,68,1.4,Social Media,OK
888,5/2/2018,109,61,2.4,Social Media,CA
889,12/21/2017,90,12,1.8,Youtube Survey,NY
890,7/11/2018,95,3,3.6,Youtube Survey,CA
891,9/20/2017,135,95,3.6,Social Media,GA
892,2/27/2018,31,121,4.8,Webinar,NC
893,2/21/2018,55,59,2,Webinar,TN
894,1/2/2018,98,11,4.8,Webinar,TN
895,6/23/2018,35,19,2,Youtube Survey,MI
896,2/14/2018,128,115,2.1,Email Campaign,PA
897,11/28/2017,103,87,4.5,PaperBased,PA
898,9/9/2017,180,14,3.3,Youtube Survey,FL
899,7/10/2018,31,124,2.7,PaperBased,AL
900,7/13/2018,159,138,4,Email Campaign,NV
901,9/10/2017,87,67,4.9,Youtube Survey,MI
902,4/24/2018,46,56,4,Webinar,NJ
903,9/19/2017,147,36,2.3,Social Media,IL
904,10/15/2017,27,83,2.4,Email Campaign,NV
905,8/18/2017,94,87,2.9,Youtube Survey,PA
906,8/21/2017,116,66,1.4,Youtube Survey,AZ
907,3/2/2018,73,16,3.8,Social Media,CA
908,4/24/2018,185,14,2.5,Youtube Survey,FL
909,8/1/2017,161,6,2.6,Webinar,CA
910,7/12/2018,59,52,4,Email Campaign,OH
911,5/14/2018,51,34,4.8,Email Campaign,CA
912,4/10/2018,174,58,1.4,Youtube Survey,CA
913,1/17/2018,180,20,3.5,Webinar,FL
914,6/22/2018,55,91,2.8,Youtube Survey,NC
915,9/6/2017,186,116,1.7,PaperBased,IL
916,10/14/2017,169,114,3.6,PaperBased,IL
917,10/27/2017,71,130,1.9,Email Campaign,TX
918,5/3/2018,165,9,4.3,Webinar,UT
919,2/25/2018,105,32,4.5,Webinar,LA
920,4/6/2018,175,47,2.8,Social Media,NY
921,5/27/2018,83,48,3.5,Email Campaign,TX
922,6/23/2018,31,58,2.1,Webinar,MN
923,8/6/2017,64,0,3.5,Youtube Survey,TN
924,4/10/2018,189,42,3.4,Social Media,TX
925,1/24/2018,79,19,2.9,Email Campaign,TX
926,4/2/2018,185,100,4,Webinar,CO
927,1/6/2018,25,41,4.8,Youtube Survey,TX
928,6/30/2018,64,115,3.8,Social Media,TX
929,7/31/2017,117,11,4.5,Youtube Survey,OK
930,2/3/2018,103,28,4.8,PaperBased,CT
931,2/25/2018,60,35,2,Email Campaign,PA
932,10/16/2017,122,54,2.6,Email Campaign,NY
933,3/4/2018,112,45,2.4,Email Campaign,WI
934,1/1/2018,44,45,2,PaperBased,MO
935,8/9/2017,175,41,4.1,Webinar,ND
936,10/8/2017,105,52,3.2,Social Media,NY
937,3/14/2018,93,35,1,Webinar,MD
938,10/28/2017,174,124,2.3,Email Campaign,MN
939,5/26/2018,168,16,1.5,PaperBased,TX
940,1/6/2018,49,0,2.4,Social Media,FL
941,12/9/2017,56,33,4.1,Webinar,DC
942,10/2/2017,42,8,2.9,Social Media,WA
943,1/8/2018,100,93,3.2,Youtube Survey,CA
944,1/10/2018,113,33,2.3,Email Campaign,MI
945,4/9/2018,67,35,2.2,Youtube Survey,AZ
946,12/15/2017,79,28,4.1,Webinar,KY
947,11/30/2017,61,52,4.2,Youtube Survey,WA
948,12/17/2017,114,46,3,PaperBased,CO
949,4/17/2018,159,140,4.7,Social Media,AZ
950,9/10/2017,61,10,3,Youtube Survey,TX
951,11/29/2017,78,25,1.9,Youtube Survey,TX
952,8/15/2017,163,134,4.6,PaperBased,TX
953,5/16/2018,131,15,1.1,Social Media,FL
954,7/13/2018,67,88,2.6,Social Media,PA
955,7/25/2017,86,38,2.4,Email Campaign,IL
956,3/8/2018,111,3,2.6,Webinar,IL
957,12/13/2017,166,18,4.2,Email Campaign,FL
958,1/18/2018,158,5,1.3,Webinar,WI
959,2/7/2018,110,82,2,Email Campaign,CO
960,10/24/2017,125,2,1.6,PaperBased,KY
961,5/30/2018,68,92,1.5,Webinar,OH
962,11/15/2017,63,67,3.9,Social Media,TX
963,7/14/2018,101,21,1.8,Youtube Survey,PA
964,11/7/2017,164,31,3.6,Webinar,NC
965,2/26/2018,176,53,1.1,Webinar,TX
966,2/7/2018,173,122,3.9,PaperBased,TX
967,10/10/2017,189,113,3.8,Email Campaign,TX
968,12/3/2017,68,29,1.7,PaperBased,MO
969,1/15/2018,194,135,4.7,Webinar,PA
970,12/24/2017,122,77,3.3,Social Media,MO
971,2/2/2018,151,101,2,PaperBased,VA
972,3/16/2018,71,75,1.9,Webinar,CA
973,8/20/2017,163,89,1.6,PaperBased,WV
974,2/20/2018,64,66,4.6,Social Media,NY
975,3/2/2018,31,19,4.5,PaperBased,TX
976,12/25/2017,77,52,4.3,Webinar,TX
977,7/14/2018,31,135,4.8,Email Campaign,SC
978,8/30/2017,52,112,1.3,PaperBased,MN
979,5/10/2018,36,17,1.1,Webinar,CA
980,3/31/2018,28,107,4.4,Webinar,CA
981,11/27/2017,36,73,4.8,PaperBased,CO
982,10/21/2017,65,37,3.7,Social Media,AZ
983,4/12/2018,164,18,2.6,Email Campaign,NY
984,6/26/2018,35,148,3.1,Email Campaign,VA
985,12/15/2017,192,72,4.2,PaperBased,KY
986,7/17/2018,121,148,3.9,PaperBased,VA
987,7/27/2017,168,47,1.2,Social Media,OH
988,4/13/2018,165,104,2.2,Youtube Survey,PA
989,4/15/2018,146,83,4.2,Email Campaign,OH
990,7/10/2018,67,74,4,PaperBased,MN
991,6/27/2018,34,68,4.7,PaperBased,TN
992,4/19/2018,65,121,1.9,Social Media,MN
993,3/2/2018,140,149,3.5,Webinar,CA
994,4/1/2018,178,22,5,PaperBased,TX
995,10/20/2017,99,83,4.2,Social Media,TX
996,6/2/2018,52,132,1.1,PaperBased,AK
997,10/9/2017,130,11,2,Social Media,FL
998,8/23/2017,73,142,3.5,Youtube Survey,MN
999,2/1/2018,158,24,3.3,Social Media,PA
1000,6/1/2018,183,132,2.1,Youtube Survey,CT
