Campaign Name,StartDate,EndDate,Budgeted Cost in Campaign,Actual Cost,Type,Status,Percentage of gained leads
Spotify Email Campaign,1/1/2018,1/1/2019,25000,22000,Email Campaign,Completed,56.66
Spotify Webinar Campaign,1/2/2018,1/2/2019,30000,18000,Webinar,Completed,47.23
Spotify Social Media Campaign,1/3/2018,1/3/2019,15000,20000,Social Media,Completed,87.12
Spotify PaperBased Campaign,1/4/2018,1/4/2019,45000,42000,PaperBased,Completed,30.38
Spotify YouTube Survey Campaign,1/5/2018,1/5/2019,20000,25000,Youtube Survey,Completed,67.01
